"Nombre";"CamposActualizados"
"TRAMA ENTORNO GRÁFICO, S.L";"email, phone"
"Gil Industrias Graficas SL";"email, delegation, phone"
"FMG Granada Fábrica de Municiones de Granada";"email, sales_rep, phone"
"Alberto Herrera Espina";"email, phone"
"ADRIAN HORACIO VELAZQUEZ";"email, phone"
"RICARDO GARCIA LOPEZ";"phone"
"SEVILLA IMPRESION - IMPRENTA HERRERA";"email, phone"
"ALVARO MARTINEZ PAVON";"phone"
"FRANCO PROYECTOS INTEGRALES S.L.";"email, phone"
"LUIS CARAVACA PEREZ";"phone"
"SUMINISTROS SEHI S.L.";"email, phone"
"Ángel Segovia Vela";"email, phone"
"RAUL MANUEL A MEZQUITA POLVILLO";"email, phone"
"ROTULOS ALHAMBRA, SL";"email, sales_rep, phone"
"Óscar Company Vicente";"email, phone"
"EXPOMETAL VILADECANS S.L.";"email, phone"
"JOSE MANUEL MORATO GUERRERO";"email, phone"
"Gescom Impresion SLU";"email, sales_rep, delegation"
"PHOENIX STELLAR S.L.";"email"
"JOSE ALEXANDER MENDOZA PARADA";"email, phone"
"The sticker factory";"email, delegation, phone"
"Inmaculada Palmero Garí";"email, sales_rep, delegation, phone"
"Printya";"email, sales_rep, delegation, phone"
"Luna Books Ediciones SL";"email, delegation, phone"
"Juan Carlos Garcia Juan";"email, sales_rep, delegation, phone"
"Rotulos Palma S.L";"email, phone"
"GRANA WRAPPING S.L.";"phone, sales_rep"
"VOLUMEN3D PROYECTOS TECNICOVISUALES, S.L.";"email, phone"
"ANTONIO JOSE FERNANDEZ GIL";"email, phone"
"DIMOTECH DISEÑO INDUSTRIAL SL";"email, sales_rep, phone"
"Supermercado Ubemar CAÑADA";"email"
"JOSE MANUEL GARCIA DIAZ";"email, phone"
"Imprenta lopak SL";"email, phone"
"MANUEL GARCIA TORRES";"phone, sales_rep"
"CERRAJERIA ZEDNEMED";"email, phone"
"Patrick Gomis";"phone"
"Publicidad Casares S.L";"email, phone"
"Terraincognita global S.L";"email, phone"
"Logoletras SL";"email, sales_rep, delegation, phone"
"Rótulos y Serigrafías SLU. (ROTYSE)";"email, sales_rep, delegation, phone"
"OEDIM SOLUCIONES DE IMPRESION SLU";"phone"
"FORTALEZA VISUAL 360 S.L.";"email, phone"
"JOSE AVILES PEREZ";"email, phone"
"CYAN COMUNICACION";"phone"
"Impulso visual S.L.U";"email, sales_rep, phone"
"COPIDAYRO S.C";"email"
"DNOALIA ART SL.";"email, sales_rep, phone"
"Aerlum Rotulación SL";"email, sales_rep, delegation, phone"
"PORGESA S.A.";"email, sales_rep"
"C.E.E. Purísima Concepción, S.L.U.";"email, sales_rep, phone"
"PRENSACAR";"email, sales_rep, delegation, phone"
"CeDeCero";"email, sales_rep, phone"
"Inversalia";"email, phone"
"Gaitán Norte S.L.";"email, phone"
"COMERSAN S.A.";"email, phone"
"Grupo Alditzan S.L.";"email, phone"
"Graficas catral";"email, sales_rep, delegation, phone"
"GRUPO IMPACTO 2023 SOCIEDAD LIMITADA";"email"
"GRUPO RENTATODO EXPOFERIAS SL";"email, sales_rep, delegation"
"BENJAMIN MORALES MOLINA";"phone, sales_rep"
"MOLCAWORLD S.L.U.";"email, sales_rep, delegation"
"Evo Stand S.L.";"email, sales_rep, phone"
"MAJARA PRINT S.L.";"email, sales_rep, phone"
"ROTULACIONES ASC, SLU";"email, sales_rep, phone"
"GRAFICAS CAMPOAMOR";"email, sales_rep, delegation, phone"
"Accion Vinilo";"email, phone"
"Fundación Purísima Concepción";"email, sales_rep, phone"
"SCALA IMAGEN S.L.";"email, phone"
"Angel Monserrat Delpalillo";"email, sales_rep, phone"
"Impulso visual SLU";"email, phone"
"PRINT AND BOX";"email, phone"
"Contraste Impresión Digital";"email, sales_rep, delegation, phone"
"CREARTE CV & RODRIGUEZ S.L.";"email, phone"
"Fernando Iglesias Simón";"email"
"NOVAGRAFIC MALAGA SL";"email, phone"
"CARLOS  CABELLO CAPARROS";"email, phone"
"LOGROS MARKETING Y PUBLICIDAD";"email, phone"
"NUBE SOLUCIONES INTEGRALES S.L.";"email, sales_rep, phone"
"Caraya Design";"email, phone"
"Taller de arquitectura y urbanismo el muelle";"phone"
"IMP SPORT WEAR SL";"email, phone"
"Galca Impresión SL";"email, sales_rep, delegation, phone"
"UCAM UNIVERSIDAD";"email, sales_rep, delegation, phone"
"GRUPO NATURA - ECONATUR PRINT S.L";"delegation, sales_rep"
"Bora Jinsil Han Back";"email, sales_rep, delegation, phone"
"VJR GRAFICS S.L";"delegation, sales_rep"
"GRAFICAS MASTIA";"email, sales_rep, phone"
"Gráficas Newlabels S. L.";"email, phone"
"FIBER ROT";"email, phone"
"DANIEL HERRERA PIZARRO";"email, phone"
"Inktopics";"email, phone"
"ENDUCOR SL";"email, phone"
"GRUPO DECORATIVO DEL SUR SL";"phone"
"Miguel Angel García Enriquez";"email, phone"
"RODOLFO LOPEZ BAÑOS";"email, phone"
"GARCALUX SL";"email, phone"
"Vitalgrafic Solutions S.L";"email, delegation, phone"
"NAVIA PRIVAT SL";"email, phone"
"JORGE LUIS VALVERDE TRAVEZAÑO - IMPRENTA DIGITAL LASER";"email, sales_rep, phone"
"JUANA RAMIREZ MOLINA";"phone"
"lzan Galian Gonzalez";"email, phone"
"SIGNO ROTULOS";"email, phone"
"ESTOQUE IMPRESION - JUAN FRANCISCO MADRID FAJARDO";"email, sales_rep"
"Ibiza Brea";"sales_rep"
"FJCARRANCO S.L.";"email, sales_rep, phone"
"PLAN C";"email, sales_rep, delegation, phone"
"ROTUGRAFIK NAVARRA S.L.L.";"email, phone"
"FLYBANDERAS SL";"email, phone"
"MARAVILLAS COPYPRINT";"email, sales_rep, delegation, phone"
"Adhesivos MX";"email"
"Alvar seguí Roma";"email, sales_rep, delegation"
"COPYLUZ EJIDO, S.L";"email, sales_rep, phone"
"GRAFICAS CINTRANO/COPYGAS DI SC";"email, phone"
"Highflyer Marketing Limited";"email, phone"
"Pedro Javier Alejo Egea";"email, sales_rep, phone"
"TELEFONICA EMPRESAS";"email, phone"
"IMPRENTA,ROTULACION, PAPELERIA LAS BADERAS SL";"email, delegation, phone"
"Ibáñez publicidad";"email"
"ISKAY PET SL";"phone"
"Copistería Soriano SL";"email, sales_rep, delegation, phone"
"Benaprint SL";"email, sales_rep, delegation, phone"
"Plasma Values S.L.";"email, phone"
"PUBLIEXPE GESTION INTEGRAL DE PUBLICIDAD";"email"
"Aletia Comunicación Visual S.L";"email, sales_rep, delegation, phone"
"MODESTO LLORENTE MÁRQUEZ";"email, phone"
"Publimeb hispania S.L.U";"email"
"The Visual Unit S.L.";"email, phone"
"Licitaciones Lirola";"email"
"THE COPY ROOM S.L";"email, sales_rep, phone"
"TANIA RUIZ DIAZ (VL ROTULACION)";"email, delegation, phone"
"TRESINTER, S.L.";"email, phone"
"Mapubli S.L";"email, sales_rep, delegation, phone"
"Pinbro games";"email, phone"
"SISTEMAS TECNOLOGICOS DE CONTROL 2020 SL";"email, phone"
"Joan A. Cuquerella Pascual";"email, sales_rep, delegation, phone"
"Sergeva Suministros SL";"email, sales_rep, phone"
"KYM STARTUR SL";"email, phone"
"ECLERC";"email"
"JUMOLI REPRODUCCIONES SL";"phone"
"PATRICIO JIMENEZ OLMEDO";"email, sales_rep, phone"
"Efecto 2021 Servicios Integrales SL";"email, sales_rep, delegation, phone"
"MARIA ISABEL BONILLO BONILLO - Grupo XL";"email, sales_rep, phone"
"ADAPTARE SOLUCIONES INTEGRALES";"email"
"Noemi mora grajeda";"email, phone"
"THEMRISE";"email"
"MONTXO OIARDIBE";"email, phone"
"SOLUART PRINT";"email, sales_rep, phone"
"Montoya Molina SL";"email, phone"
"Tecnografica Iberica Design S.L.";"email, sales_rep, phone"
"Taller Grafic Sargantana";"email, sales_rep, phone"
"Imprenta Sichet S.L.";"email, sales_rep, phone"
"Flexolaser S.L.";"email, sales_rep, phone"
"RECREATIVOS BITRONIC SL";"email, sales_rep, delegation"
"Serigrafias Libra S.L.";"email, sales_rep, phone"
"Grafiques Onda";"email, phone"
"ROTULCAS";"phone"
"Graficas Cremor";"email, sales_rep, phone"
"Imprent.es";"email, sales_rep, phone"
"Reprografia UJI";"email, sales_rep, phone"
"MNcopies Impresion Digital";"email, sales_rep, phone"
"A UNO ROTULOS & IMPRESION";"email, sales_rep, phone"
"La Imprenta de Castellon";"email, sales_rep, phone"
"Rotulos Libercolor";"email, sales_rep, phone"
"Grupo Zion Digital";"email, sales_rep, phone"
"VIDAL GRAFIC";"email, sales_rep, phone"
"Electroneon";"email, sales_rep, phone"
"Rotulos Vidal";"email, sales_rep, phone"
"Copy On";"email, sales_rep, phone"
"Ventura Imprenta Litografia";"email, sales_rep, phone"
"Inforcopy";"email, sales_rep, phone"
"Conmove";"email, sales_rep, phone"
"Nefertiti";"email, sales_rep, phone"
"Imprenta Grupo Zona";"email, sales_rep, phone"
"Imprenta Logui";"email, sales_rep, phone"
"Vallprint";"email, sales_rep, phone"
"Papyro Impress";"email, sales_rep, phone"
"Imprenta Llorens";"email, sales_rep, phone"
"Imprenta Ismael Miralles";"email, sales_rep, phone"
"Avanti";"email, phone"
"Pádel sane al";"email, sales_rep, phone"
"4 impresores";"email, phone"
"Wae digital proyectos";"email, phone"
"Graficas Tebas S.L";"email, phone"
"JL Vinilarte SL";"sales_rep, delegation, phone"
"SEÑALIZACIONES HUELVA S.L.";"email, sales_rep, phone"
"Global click print";"email, sales_rep, delegation, phone"
"GALLEGRAF S.L.";"email, delegation, phone"
"Imagina Estudio y Taller Creativo SL";"delegation, email"
"Centro Gráfico Arteval S.L";"email, sales_rep, delegation, phone"
"Green Cold Sistemas Industriales S.L.";"email, sales_rep, phone"
"ROTULOS KAMALEON";"email"
"María Ángeles Aroca García. (GRAFICAS AROCA)";"email, delegation, phone"
"Francico Jose Macias Barrera - Lucusprint";"email, phone"
"FOTO LANZAROTE";"phone"
"RODBE RUSADIR SLU";"email, phone"
"DIGISYSTEM TECHNOLOGIES SL";"email, phone"
"JOSE MARIA PIÑERO TREJO";"email, sales_rep, phone"
"TINTA VIVA S.L.";"email"
"Copycentro Sefel S.L";"phone"
"PRINTERS";"email, phone"
"Tunicmaker SL";"delegation, email"
"JAVIER GARCÍA LÓPEZ";"email, phone"
"Imprenta Tenas SL";"email, sales_rep, delegation, phone"
"PRINT STORE SL";"email, sales_rep, delegation, phone"
"INVERSA PUBLICIDAD";"email, sales_rep, phone"
"ARTES GRAFICAS SALVADOR";"email, sales_rep, phone"
"VINILTECH";"email, phone"
"DILUZ Aguilar Y Campos S.L.";"email, delegation, phone"
"Salcodiser 1971 SL";"delegation, email"
"BRAESPA DESIGN S.L.";"email, sales_rep, phone"
"RAFAEL VERA GOMEZ";"email, sales_rep, phone"
"CARLOS ANTONIO RAMIREZ";"email, phone"
"Blau OE";"email, sales_rep, delegation, phone"
"Signal Road SL";"sales_rep, delegation, phone"
"COPI COPY";"email, phone"
"MEPUEX S.L.";"email, sales_rep, phone"
"Rotulos Dibonsur";"email"
"SEÑALSUR MÁLAGA SL";"email, phone"
"CENTRO COPY JEAN PHILLIPE MICHEL FRANCIS FLORANGE";"email, phone"
"RD3 EVENTOS DEPORTIVOS,S.L.";"email, phone"
"TOLDOS Y LUMINOSOS HERMANOS GONZALEZ";"email, phone"
"La Pallera Print";"email, sales_rep, delegation, phone"
"BLACK94. Espj";"email, sales_rep, phone"
"Costa Rótulos";"email, phone"
"PLASINCO";"email"
"FERNANDO JOSE MEDINA RODRIGUEZ";"sales_rep"
"PERAPRINT, S.L.";"email, sales_rep, phone"
"ROTUSUR 23";"email"
"Gráficas Jovi SL";"email, sales_rep, delegation, phone"
"La tecla";"phone"
"VINILOS SPORT CARS";"email, delegation, phone"
"G plast antiguo tovar";"email, sales_rep, phone"
"TALASUR";"email, delegation, phone"
"LORENT Y RIVERA";"email, phone"
"RESTAUPARK S.L.";"email, sales_rep, phone"
"Papelería Imprenta Gómez - Clau S.L.";"email, phone"
"ASW ORIGINAL FACTORY, S.L.";"email, sales_rep, phone"
"COPYRAP NUEVA MALAGA EMILIO JESUS ESCOBEDO";"email, sales_rep, phone"
"Grupo Alan Promociones Publicitarias, S.L.";"email, sales_rep, phone"
"Heydi montesinos redigrafic";"email, sales_rep, delegation, phone"
"Empresa LVA felcan SL";"email, phone"
"Avanzasi Sociedad Limitada";"email, sales_rep, phone"
"Centro Imprenta";"email, phone"
"ALAMEDA ROTULOS";"email, sales_rep, phone"
"DIGITAL BRAIN";"email, sales_rep, phone"
"ARTES GRAFICAS BOYSU";"email, sales_rep, phone"
"Bphone Víctor carrillo";"delegation, email"
"COLORAPID";"email, sales_rep, phone"
"EXTERIORIZA";"email"
"BENIGRAPHIC, S.A.L.";"email, sales_rep, phone"
"LITOCHAP";"email, delegation, phone"
"DOCRILUC";"email, phone"
"BAMI PRINT";"email, phone"
"Ferretería Industrial El Ferre S.L";"email, sales_rep, delegation, phone"
"Marc Marti Mediterránea SL";"email, sales_rep, delegation, phone"
"ROTULA TU MISMO";"email, sales_rep, delegation, phone"
"Nica Foodsion SL";"email, phone"
"ARMIPRINT";"email, sales_rep, phone"
"Mosagraf Artes Graficas Sl.";"email, sales_rep, phone"
"Caixabank Equipment Finance, S.A.";"phone, sales_rep"
"Imprenta Digital Publicidad";"email, sales_rep, phone"
"ESPACIO KROMA";"email, delegation, phone"
"IMPRESIÓNATE GRANADA, S.L.";"email, sales_rep, phone"
"LORMA PUBLICIDAD";"email, sales_rep, phone"
"Graficas Hermanos romero";"email, delegation, phone"
"AJ impresiones";"email, delegation, phone"
"CON ARTE";"email, sales_rep, delegation, phone"
"Arcograf";"email, delegation, phone"
"Isabel Sánchez Ramírez";"email, delegation, phone"
"CORTINAS ISABEL, S.A";"email, sales_rep, phone"
"AYES ENTERTAINMENT S.L.";"email, sales_rep, phone"
"ADEMA";"email, sales_rep, delegation, phone"
"Calatayud Estudi Grafic";"email, sales_rep, delegation, phone"
"Murex factoría color";"email, sales_rep, delegation, phone"
"Wild art";"email, sales_rep, delegation, phone"
"DIGITAL COLORS";"email, sales_rep, delegation, phone"
"GRAFICAS ROYANES, S.L.";"email, sales_rep, delegation, phone"
"Beeunic comunicación";"email, sales_rep, delegation, phone"
"Sublidek";"email, sales_rep, delegation, phone"
"SCOOBIC";"phone, sales_rep"
"ADEMA decoración";"email, sales_rep, delegation, phone"
"BELMONTE DE LA FUENTE S.L.";"email, sales_rep, phone"
"Gráficas Vapa SL";"email, sales_rep, delegation, phone"
"PRODUCCIONES ZIRIGAÑA SL.";"email, sales_rep, phone"
"INNOVA  ROTULOS ALICANTE";"email, sales_rep, delegation, phone"
"Graficas Ellul";"email, delegation, phone"
"ETITECNIC";"email, delegation, phone"
"Stil pictures SL";"email, delegation, phone"
"Totcarto";"email, delegation, phone"
"MULTIGRAPHIC IBERIA";"email, sales_rep, delegation, phone"
"Copistería digital Díaz";"email, phone"
"Braespa Design SL";"delegation"
"NICOLAS MARTINEZ FABIO";"email, phone"
"EXPOSITORES DEL MEDITERRANEO S.L.";"email, phone"
"IMPRESIONES NAZARI";"email, sales_rep, phone"
"López Aguña SL";"email, sales_rep, delegation"
"TELATER SL";"email, sales_rep, phone"
"Tintas y soportes";"email, phone"
"UNIFORMES BORDALO 2015 S.L.U.";"email, phone"
"Emilio Veintimilla SL";"email, delegation, phone"
"ANTONIO LOPEZ MARTINEZ";"email, phone"
"Dissai Rotulació SL";"email, sales_rep, delegation, phone"
"Acciona Construcción";"email, phone"
"LA DAMA INNOVACIONES";"email, sales_rep, delegation"
"Rotulos gonzalvez";"email, delegation, phone"
"Crearal SL";"email, phone"
"Ediciones Notivalle S.L.";"email"
"PUBLI-PART";"email, sales_rep, phone"
"IMPRESION-ARTE CB";"email, sales_rep, phone"
"PINTURAS SANTANA";"email, phone"
"Miguel Angel Herrera Ruiz";"email, phone"
"Imprenta Galán";"email, phone"
"IMPACTO IMPRESION DIGITAL S.L.";"email, sales_rep, phone"
"NATALIA RODRIGUEZ";"email, sales_rep, phone"
"CIRCULO TEXTIL SERVICIOS TEXTILES S.L.";"email, sales_rep"
"DOBLE FOLIO SOCIEDAD LIMITADA";"email, sales_rep, phone"
"FERROCANO";"email, sales_rep, delegation, phone"
"Serigrafias Granada Sl.";"email, sales_rep, phone"
"YASIN MORENO MARTIN";"email, phone"
"PAIPER";"phone, sales_rep"
"El Reclamo";"phone"
"NEURONA GRAFICA";"email, sales_rep, delegation, phone"
"Gráficas Benaguacil SL";"email, sales_rep, phone"
"ROTULA2 PUBLICIDAD";"email, phone"
"ROLUME";"email"
"Savamont Rotulación y serigrafia";"email, sales_rep, delegation"
"INDUGRAFIC ARTES GRAFICAS S.L";"email, phone"
"Gráficas Borame SC";"email, delegation, phone"
"Vicente Fernando Duato Sancho";"email, delegation, phone"
"Suarez servicios publicitarios";"email, phone"
"ART PEREZ ROLO S.L.";"email, phone"
"Target Mevex, S.L.";"email, phone"
"PUBLIKAT SERVEIS PUBLICITARIS I COMUNICACIÓ, S.L.";"email, sales_rep, phone"
"ANVIMUR";"email, phone"
"SMDesing Graphics";"email, phone"
"MONTABLE INVESTIGACION Y DESARROLLO";"email, phone"
"Toni Burguera SLU";"email, sales_rep, delegation, phone"
"IMPRENTA TORRES";"email, sales_rep, phone"
"MANUFACTURAS CANDI";"email, sales_rep, phone"
"Publigo";"delegation, email"
"Irene Naveros Triviño - EUREKA";"email, sales_rep, phone"
"KOPIA2";"email, sales_rep, phone"
"MIL PAGINAS";"email, sales_rep, phone"
"Tecno Copi";"email, sales_rep, delegation, phone"
"LUC MAR";"email, sales_rep, phone"
"Pixpress digital";"email, sales_rep, delegation, phone"
"Retols Ericla";"sales_rep, delegation, phone"
"NAVEA ROTULOS";"phone, sales_rep"
"Buenaventura Gráfico S. L. U";"email, sales_rep, delegation, phone"
"INGENNIO";"email, sales_rep, phone"
"PRISMA";"email, sales_rep, phone"
"Canós Impressors";"email, sales_rep, delegation, phone"
"CREAT Serigrafía i Publicidad";"email, sales_rep, delegation, phone"
"JUAN MANUEL";"email, phone"
"Quimart Comunicación Gráfica";"email, sales_rep, delegation, phone"
"CONCEPTES COMUNICACIÓN GRÁFICA";"email, sales_rep, delegation, phone"
"DIAGO INDUSTRIA GRÁFICA";"email, sales_rep, delegation, phone"
"DYNAMIC WRAP";"email, phone"
"Vestuarios Rubio SL";"email, sales_rep, delegation, phone"
"AGA IMAGEN";"email, delegation, phone"
"Mes Que impres";"email, sales_rep, delegation, phone"
"CARRIZOSA GOMEZ S.L";"email, sales_rep, phone"
"XTREN RETOLS s.l.l.";"email, sales_rep, delegation, phone"
"DELTAFLEX GRAPHCS SL";"email, delegation, phone"
"Enrique Gisbert Saez";"email, delegation, phone"
"PRINTER-HOUSE";"email, delegation, phone"
"MEDITERRANEA EVENTOS";"email, sales_rep, delegation, phone"
"CARTEL ARTES GRAFICAS";"email, sales_rep, delegation, phone"
"LUCMAR";"email, sales_rep, phone"
"GRAFINDALO";"email, sales_rep, phone"
"BELLAS ARTES TRIUNFO";"email, sales_rep, phone"
"SPIDEX GRAFIC";"email, sales_rep, delegation, phone"
"DSLABORAL";"email, sales_rep, delegation, phone"
"IMPRENTA TENAS";"email, sales_rep, delegation, phone"
"Artesanía Valllera";"email, sales_rep, delegation, phone"
"DIAGO Industria Gráfica";"email, sales_rep, delegation, phone"
"VISSUALLY";"email, sales_rep, delegation, phone"
"GRAFICS";"email, sales_rep, delegation, phone"
"ANYDA PUBLICIDAD";"email, sales_rep, delegation, phone"
"Rull";"email, sales_rep, delegation, phone"
"BLOPRINT";"email, sales_rep, delegation, phone"
"IMPRESIONA";"email, sales_rep, delegation, phone"
"BAYARRI ART ESTUDI";"email, sales_rep, delegation, phone"
"RAS ROTULACIONES ARTISTICAS";"email, sales_rep, delegation, phone"
"ROTULOS LEVANTE";"email, sales_rep, delegation, phone"
"MEDITERRANEA IMPRES";"email, sales_rep, delegation, phone"
"Dinagrama";"email, sales_rep, delegation"
"TOMAS INIESTA";"email, sales_rep, delegation, phone"
"EUROTEX S:A:";"email, phone"
